ciclo_id,repositorio_nome,release_anterior,release_atual,data_inicio,data_fim,tipo_release,commits_teste,commits_bug_fix,commits_feature,commits_refactor,commits_total,percent_teste,percent_bug,ratio_teste_bug
ciclo_square_spring_boot_1,square/spring-boot,v1.0.0,v0.1.0,2011-01-15,2011-02-15,Minor,49,27,98,18,192,25.52,14.06,1.81
ciclo_square_spring_boot_2,square/spring-boot,v0.1.0,v0.2.0,2011-02-15,2011-03-15,Minor,50,11,92,11,164,30.49,6.71,4.55
ciclo_square_spring_boot_3,square/spring-boot,v0.2.0,v0.3.0,2011-03-15,2011-04-15,Minor,16,17,40,17,90,17.78,18.89,0.94
ciclo_square_spring_boot_4,square/spring-boot,v0.3.0,v0.4.0,2011-04-15,2012-05-15,Minor,42,19,55,16,132,31.82,14.39,2.21
ciclo_square_spring_boot_5,square/spring-boot,v0.4.0,v2.0.0,2012-05-15,2012-06-15,Major,49,14,47,23,133,36.84,10.53,3.5
ciclo_square_spring_boot_6,square/spring-boot,v2.0.0,v1.1.0,2012-06-15,2012-07-15,Minor,21,22,39,7,89,23.6,24.72,0.95
ciclo_square_spring_boot_7,square/spring-boot,v1.1.0,v1.2.0,2012-07-15,2012-08-15,Minor,33,13,51,24,121,27.27,10.74,2.54
ciclo_square_spring_boot_8,square/spring-boot,v1.2.0,v1.3.0,2012-08-15,2013-09-15,Minor,39,15,88,16,158,24.68,9.49,2.6
ciclo_square_spring_boot_9,square/spring-boot,v1.3.0,v1.4.0,2013-09-15,2013-10-15,Minor,21,19,64,13,117,17.95,16.24,1.11
ciclo_square_spring_boot_10,square/spring-boot,v1.4.0,v3.0.0,2013-10-15,2013-11-15,Major,57,32,76,6,171,33.33,18.71,1.78
ciclo_square_spring_boot_11,square/spring-boot,v3.0.0,v2.1.0,2013-11-15,2013-12-15,Minor,52,13,94,5,164,31.71,7.93,4
ciclo_square_spring_boot_12,square/spring-boot,v2.1.0,v2.2.0,2013-12-15,2014-01-15,Minor,22,32,24,20,98,22.45,32.65,0.69
ciclo_square_spring_boot_13,square/spring-boot,v2.2.0,v2.3.0,2014-01-15,2014-02-15,Minor,22,26,65,11,124,17.74,20.97,0.85
ciclo_square_spring_boot_14,square/spring-boot,v2.3.0,v2.4.0,2014-02-15,2014-03-15,Minor,28,24,61,11,124,22.58,19.35,1.17
ciclo_square_spring_boot_15,square/spring-boot,v2.4.0,v4.0.0,2014-03-15,2014-04-15,Major,59,30,44,21,154,38.31,19.48,1.97
ciclo_square_spring_boot_16,square/spring-boot,v4.0.0,v3.1.0,2014-04-15,2015-05-15,Minor,27,18,69,20,134,20.15,13.43,1.5
ciclo_square_spring_boot_17,square/spring-boot,v3.1.0,v3.2.0,2015-05-15,2015-06-15,Minor,20,8,81,18,127,15.75,6.3,2.5
ciclo_square_spring_boot_18,square/spring-boot,v3.2.0,v3.3.0,2015-06-15,2015-07-15,Minor,46,14,90,5,155,29.68,9.03,3.29
ciclo_square_spring_boot_19,square/spring-boot,v3.3.0,v3.4.0,2015-07-15,2015-08-15,Minor,41,32,68,23,164,25,19.51,1.28
ciclo_square_spring_boot_20,square/spring-boot,v3.4.0,v5.0.0,2015-08-15,2016-09-15,Major,32,21,75,15,143,22.38,14.69,1.52
ciclo_square_spring_boot_21,square/spring-boot,v5.0.0,v4.1.0,2016-09-15,2016-10-15,Minor,38,28,72,16,154,24.68,18.18,1.36
ciclo_square_spring_boot_22,square/spring-boot,v4.1.0,v4.2.0,2016-10-15,2016-11-15,Minor,59,33,23,18,133,44.36,24.81,1.79
ciclo_square_spring_boot_23,square/spring-boot,v4.2.0,v4.3.0,2016-11-15,2016-12-15,Minor,17,21,88,7,133,12.78,15.79,0.81
ciclo_square_spring_boot_24,square/spring-boot,v4.3.0,v4.4.0,2016-12-15,2017-01-15,Minor,34,23,56,22,135,25.19,17.04,1.48
ciclo_square_spring_boot_25,square/spring-boot,v4.4.0,v6.0.0,2017-01-15,2017-02-15,Major,29,33,30,20,112,25.89,29.46,0.88
ciclo_square_spring_boot_26,square/spring-boot,v6.0.0,v5.1.0,2017-02-15,2017-03-15,Minor,23,17,42,23,105,21.9,16.19,1.35
ciclo_square_spring_boot_27,square/spring-boot,v5.1.0,v5.2.0,2017-03-15,2017-04-15,Minor,18,11,88,6,123,14.63,8.94,1.64
ciclo_square_spring_boot_28,square/spring-boot,v5.2.0,v5.3.0,2017-04-15,2018-05-15,Minor,19,25,24,9,77,24.68,32.47,0.76
ciclo_square_spring_boot_29,square/spring-boot,v5.3.0,v5.4.0,2018-05-15,2018-06-15,Minor,10,19,37,11,77,12.99,24.68,0.53
ciclo_spring_projects_hibernate_orm_1,spring-projects/hibernate-orm,v1.0.0,v0.1.0,2015-01-15,2015-02-15,Minor,46,28,37,9,120,38.33,23.33,1.64
ciclo_spring_projects_hibernate_orm_2,spring-projects/hibernate-orm,v0.1.0,v0.2.0,2015-02-15,2015-03-15,Minor,25,34,67,7,133,18.8,25.56,0.74
ciclo_spring_projects_hibernate_orm_3,spring-projects/hibernate-orm,v0.2.0,v0.3.0,2015-03-15,2015-04-15,Minor,27,7,29,16,79,34.18,8.86,3.86
ciclo_spring_projects_hibernate_orm_4,spring-projects/hibernate-orm,v0.3.0,v0.4.0,2015-04-15,2016-05-15,Minor,44,26,81,12,163,26.99,15.95,1.69
ciclo_spring_projects_hibernate_orm_5,spring-projects/hibernate-orm,v0.4.0,v2.0.0,2016-05-15,2016-06-15,Major,53,34,23,14,124,42.74,27.42,1.56
ciclo_spring_projects_hibernate_orm_6,spring-projects/hibernate-orm,v2.0.0,v1.1.0,2016-06-15,2016-07-15,Minor,10,23,99,10,142,7.04,16.2,0.43
ciclo_spring_projects_hibernate_orm_7,spring-projects/hibernate-orm,v1.1.0,v1.2.0,2016-07-15,2016-08-15,Minor,25,13,78,21,137,18.25,9.49,1.92
ciclo_spring_projects_hibernate_orm_8,spring-projects/hibernate-orm,v1.2.0,v1.3.0,2016-08-15,2017-09-15,Minor,39,34,35,18,126,30.95,26.98,1.15
ciclo_spring_projects_hibernate_orm_9,spring-projects/hibernate-orm,v1.3.0,v1.4.0,2017-09-15,2017-10-15,Minor,14,12,60,23,109,12.84,11.01,1.17
ciclo_spring_projects_hibernate_orm_10,spring-projects/hibernate-orm,v1.4.0,v3.0.0,2017-10-15,2017-11-15,Major,12,10,89,15,126,9.52,7.94,1.2
ciclo_spring_projects_hibernate_orm_11,spring-projects/hibernate-orm,v3.0.0,v2.1.0,2017-11-15,2017-12-15,Minor,31,18,76,7,132,23.48,13.64,1.72
ciclo_spring_projects_hibernate_orm_12,spring-projects/hibernate-orm,v2.1.0,v2.2.0,2017-12-15,2018-01-15,Minor,46,27,62,8,143,32.17,18.88,1.7
ciclo_spring_projects_hibernate_orm_13,spring-projects/hibernate-orm,v2.2.0,v2.3.0,2018-01-15,2018-02-15,Minor,55,10,53,18,136,40.44,7.35,5.5
ciclo_spring_projects_hibernate_orm_14,spring-projects/hibernate-orm,v2.3.0,v2.4.0,2018-02-15,2018-03-15,Minor,31,34,64,24,153,20.26,22.22,0.91
ciclo_spring_projects_hibernate_orm_15,spring-projects/hibernate-orm,v2.4.0,v4.0.0,2018-03-15,2018-04-15,Major,39,34,69,14,156,25,21.79,1.15
ciclo_spring_projects_hibernate_orm_16,spring-projects/hibernate-orm,v4.0.0,v3.1.0,2018-04-15,2019-05-15,Minor,57,30,59,16,162,35.19,18.52,1.9
ciclo_spring_projects_hibernate_orm_17,spring-projects/hibernate-orm,v3.1.0,v3.2.0,2019-05-15,2019-06-15,Minor,37,18,73,6,134,27.61,13.43,2.06
ciclo_spring_projects_hibernate_orm_18,spring-projects/hibernate-orm,v3.2.0,v3.3.0,2019-06-15,2019-07-15,Minor,17,29,45,13,104,16.35,27.88,0.59
ciclo_spring_projects_hibernate_orm_19,spring-projects/hibernate-orm,v3.3.0,v3.4.0,2019-07-15,2019-08-15,Minor,47,18,26,11,102,46.08,17.65,2.61
ciclo_spring_projects_hibernate_orm_20,spring-projects/hibernate-orm,v3.4.0,v5.0.0,2019-08-15,2020-09-15,Major,19,6,69,21,115,16.52,5.22,3.17
ciclo_spring_projects_hibernate_orm_21,spring-projects/hibernate-orm,v5.0.0,v4.1.0,2020-09-15,2020-10-15,Minor,10,34,46,8,98,10.2,34.69,0.29
ciclo_spring_projects_hibernate_orm_22,spring-projects/hibernate-orm,v4.1.0,v4.2.0,2020-10-15,2020-11-15,Minor,24,34,52,7,117,20.51,29.06,0.71
ciclo_spring_projects_hibernate_orm_23,spring-projects/hibernate-orm,v4.2.0,v4.3.0,2020-11-15,2020-12-15,Minor,19,17,93,24,153,12.42,11.11,1.12
ciclo_spring_projects_hibernate_orm_24,spring-projects/hibernate-orm,v4.3.0,v4.4.0,2020-12-15,2021-01-15,Minor,40,34,71,22,167,23.95,20.36,1.18
ciclo_spring_projects_hibernate_orm_25,spring-projects/hibernate-orm,v4.4.0,v6.0.0,2021-01-15,2021-02-15,Major,57,17,58,22,154,37.01,11.04,3.35
ciclo_spring_projects_hibernate_orm_26,spring-projects/hibernate-orm,v6.0.0,v5.1.0,2021-02-15,2021-03-15,Minor,26,15,58,23,122,21.31,12.3,1.73
ciclo_spring_projects_hibernate_orm_27,spring-projects/hibernate-orm,v5.1.0,v5.2.0,2021-03-15,2021-04-15,Minor,38,32,81,5,156,24.36,20.51,1.19
ciclo_spring_projects_hibernate_orm_28,spring-projects/hibernate-orm,v5.2.0,v5.3.0,2021-04-15,2022-05-15,Minor,21,19,52,16,108,19.44,17.59,1.11
ciclo_spring_projects_hibernate_orm_29,spring-projects/hibernate-orm,v5.3.0,v5.4.0,2022-05-15,2022-06-15,Minor,33,32,58,21,144,22.92,22.22,1.03
ciclo_google_junit5_1,google/junit5,v1.0.0,v0.1.0,2012-01-15,2012-02-15,Minor,39,21,36,9,105,37.14,20,1.86
ciclo_google_junit5_2,google/junit5,v0.1.0,v0.2.0,2012-02-15,2012-03-15,Minor,10,18,31,11,70,14.29,25.71,0.56
ciclo_google_junit5_3,google/junit5,v0.2.0,v0.3.0,2012-03-15,2012-04-15,Minor,19,7,99,16,141,13.48,4.96,2.71
ciclo_google_junit5_4,google/junit5,v0.3.0,v0.4.0,2012-04-15,2013-05-15,Minor,21,8,52,22,103,20.39,7.77,2.63
ciclo_google_junit5_5,google/junit5,v0.4.0,v2.0.0,2013-05-15,2013-06-15,Major,51,17,62,22,152,33.55,11.18,3
ciclo_google_junit5_6,google/junit5,v2.0.0,v1.1.0,2013-06-15,2013-07-15,Minor,51,30,42,17,140,36.43,21.43,1.7
ciclo_google_junit5_7,google/junit5,v1.1.0,v1.2.0,2013-07-15,2013-08-15,Minor,56,15,83,16,170,32.94,8.82,3.73
ciclo_google_junit5_8,google/junit5,v1.2.0,v1.3.0,2013-08-15,2014-09-15,Minor,30,30,21,7,88,34.09,34.09,1
ciclo_google_junit5_9,google/junit5,v1.3.0,v1.4.0,2014-09-15,2014-10-15,Minor,39,15,78,18,150,26,10,2.6
ciclo_google_junit5_10,google/junit5,v1.4.0,v3.0.0,2014-10-15,2014-11-15,Major,32,29,46,18,125,25.6,23.2,1.1
ciclo_google_junit5_11,google/junit5,v3.0.0,v2.1.0,2014-11-15,2014-12-15,Minor,53,16,81,18,168,31.55,9.52,3.31
ciclo_google_junit5_12,google/junit5,v2.1.0,v2.2.0,2014-12-15,2015-01-15,Minor,44,29,74,17,164,26.83,17.68,1.52
ciclo_google_junit5_13,google/junit5,v2.2.0,v2.3.0,2015-01-15,2015-02-15,Minor,50,7,42,10,109,45.87,6.42,7.14
ciclo_google_junit5_14,google/junit5,v2.3.0,v2.4.0,2015-02-15,2015-03-15,Minor,58,29,62,8,157,36.94,18.47,2
ciclo_google_junit5_15,google/junit5,v2.4.0,v4.0.0,2015-03-15,2015-04-15,Major,25,10,46,14,95,26.32,10.53,2.5
ciclo_google_junit5_16,google/junit5,v4.0.0,v3.1.0,2015-04-15,2016-05-15,Minor,38,13,72,22,145,26.21,8.97,2.92
ciclo_google_junit5_17,google/junit5,v3.1.0,v3.2.0,2016-05-15,2016-06-15,Minor,35,5,99,19,158,22.15,3.16,7
ciclo_google_junit5_18,google/junit5,v3.2.0,v3.3.0,2016-06-15,2016-07-15,Minor,56,28,42,11,137,40.88,20.44,2
ciclo_google_junit5_19,google/junit5,v3.3.0,v3.4.0,2016-07-15,2016-08-15,Minor,31,7,55,16,109,28.44,6.42,4.43
ciclo_google_junit5_20,google/junit5,v3.4.0,v5.0.0,2016-08-15,2017-09-15,Major,44,9,69,14,136,32.35,6.62,4.89
ciclo_google_junit5_21,google/junit5,v5.0.0,v4.1.0,2017-09-15,2017-10-15,Minor,24,20,32,13,89,26.97,22.47,1.2
ciclo_google_junit5_22,google/junit5,v4.1.0,v4.2.0,2017-10-15,2017-11-15,Minor,19,27,69,17,132,14.39,20.45,0.7
ciclo_google_junit5_23,google/junit5,v4.2.0,v4.3.0,2017-11-15,2017-12-15,Minor,23,16,22,23,84,27.38,19.05,1.44
ciclo_google_junit5_24,google/junit5,v4.3.0,v4.4.0,2017-12-15,2018-01-15,Minor,20,32,37,14,103,19.42,31.07,0.63
ciclo_google_junit5_25,google/junit5,v4.4.0,v6.0.0,2018-01-15,2018-02-15,Major,43,25,56,17,141,30.5,17.73,1.72
ciclo_google_junit5_26,google/junit5,v6.0.0,v5.1.0,2018-02-15,2018-03-15,Minor,24,8,85,5,122,19.67,6.56,3
ciclo_google_junit5_27,google/junit5,v5.1.0,v5.2.0,2018-03-15,2018-04-15,Minor,12,28,88,10,138,8.7,20.29,0.43
ciclo_google_junit5_28,google/junit5,v5.2.0,v5.3.0,2018-04-15,2019-05-15,Minor,57,7,35,6,105,54.29,6.67,8.14
ciclo_google_junit5_29,google/junit5,v5.3.0,v5.4.0,2019-05-15,2019-06-15,Minor,28,18,79,24,149,18.79,12.08,1.56
ciclo_spring_projects_mockito_1,spring-projects/mockito,v1.0.0,v0.1.0,2015-01-15,2015-02-15,Minor,50,25,66,13,154,32.47,16.23,2
ciclo_spring_projects_mockito_2,spring-projects/mockito,v0.1.0,v0.2.0,2015-02-15,2015-03-15,Minor,50,6,83,10,149,33.56,4.03,8.33
ciclo_spring_projects_mockito_3,spring-projects/mockito,v0.2.0,v0.3.0,2015-03-15,2015-04-15,Minor,29,12,36,18,95,30.53,12.63,2.42
ciclo_spring_projects_mockito_4,spring-projects/mockito,v0.3.0,v0.4.0,2015-04-15,2016-05-15,Minor,22,8,59,14,103,21.36,7.77,2.75
ciclo_spring_projects_mockito_5,spring-projects/mockito,v0.4.0,v2.0.0,2016-05-15,2016-06-15,Major,20,9,40,5,74,27.03,12.16,2.22
ciclo_spring_projects_mockito_6,spring-projects/mockito,v2.0.0,v1.1.0,2016-06-15,2016-07-15,Minor,41,29,75,19,164,25,17.68,1.41
ciclo_spring_projects_mockito_7,spring-projects/mockito,v1.1.0,v1.2.0,2016-07-15,2016-08-15,Minor,31,14,60,15,120,25.83,11.67,2.21
ciclo_spring_projects_mockito_8,spring-projects/mockito,v1.2.0,v1.3.0,2016-08-15,2017-09-15,Minor,33,5,56,18,112,29.46,4.46,6.6
ciclo_spring_projects_mockito_9,spring-projects/mockito,v1.3.0,v1.4.0,2017-09-15,2017-10-15,Minor,33,18,34,11,96,34.38,18.75,1.83
ciclo_spring_projects_mockito_10,spring-projects/mockito,v1.4.0,v3.0.0,2017-10-15,2017-11-15,Major,13,19,73,9,114,11.4,16.67,0.68
ciclo_spring_projects_mockito_11,spring-projects/mockito,v3.0.0,v2.1.0,2017-11-15,2017-12-15,Minor,26,27,78,20,151,17.22,17.88,0.96
ciclo_spring_projects_mockito_12,spring-projects/mockito,v2.1.0,v2.2.0,2017-12-15,2018-01-15,Minor,36,8,52,15,111,32.43,7.21,4.5
ciclo_spring_projects_mockito_13,spring-projects/mockito,v2.2.0,v2.3.0,2018-01-15,2018-02-15,Minor,58,15,83,22,178,32.58,8.43,3.87
ciclo_spring_projects_mockito_14,spring-projects/mockito,v2.3.0,v2.4.0,2018-02-15,2018-03-15,Minor,32,20,83,22,157,20.38,12.74,1.6
ciclo_spring_projects_mockito_15,spring-projects/mockito,v2.4.0,v4.0.0,2018-03-15,2018-04-15,Major,20,19,65,23,127,15.75,14.96,1.05
ciclo_spring_projects_mockito_16,spring-projects/mockito,v4.0.0,v3.1.0,2018-04-15,2019-05-15,Minor,39,26,80,18,163,23.93,15.95,1.5
ciclo_spring_projects_mockito_17,spring-projects/mockito,v3.1.0,v3.2.0,2019-05-15,2019-06-15,Minor,29,34,69,15,147,19.73,23.13,0.85
ciclo_spring_projects_mockito_18,spring-projects/mockito,v3.2.0,v3.3.0,2019-06-15,2019-07-15,Minor,50,11,29,15,105,47.62,10.48,4.55
ciclo_spring_projects_mockito_19,spring-projects/mockito,v3.3.0,v3.4.0,2019-07-15,2019-08-15,Minor,59,19,37,8,123,47.97,15.45,3.11
ciclo_spring_projects_mockito_20,spring-projects/mockito,v3.4.0,v5.0.0,2019-08-15,2020-09-15,Major,20,28,59,11,118,16.95,23.73,0.71
ciclo_spring_projects_mockito_21,spring-projects/mockito,v5.0.0,v4.1.0,2020-09-15,2020-10-15,Minor,56,30,54,20,160,35,18.75,1.87
ciclo_spring_projects_mockito_22,spring-projects/mockito,v4.1.0,v4.2.0,2020-10-15,2020-11-15,Minor,25,28,54,10,117,21.37,23.93,0.89
ciclo_spring_projects_mockito_23,spring-projects/mockito,v4.2.0,v4.3.0,2020-11-15,2020-12-15,Minor,48,26,84,20,178,26.97,14.61,1.85
ciclo_spring_projects_mockito_24,spring-projects/mockito,v4.3.0,v4.4.0,2020-12-15,2021-01-15,Minor,40,5,88,8,141,28.37,3.55,8
ciclo_spring_projects_mockito_25,spring-projects/mockito,v4.4.0,v6.0.0,2021-01-15,2021-02-15,Major,19,6,53,11,89,21.35,6.74,3.17
ciclo_spring_projects_mockito_26,spring-projects/mockito,v6.0.0,v5.1.0,2021-02-15,2021-03-15,Minor,48,6,41,18,113,42.48,5.31,8
ciclo_spring_projects_mockito_27,spring-projects/mockito,v5.1.0,v5.2.0,2021-03-15,2021-04-15,Minor,17,28,60,21,126,13.49,22.22,0.61
ciclo_spring_projects_mockito_28,spring-projects/mockito,v5.2.0,v5.3.0,2021-04-15,2022-05-15,Minor,41,9,70,13,133,30.83,6.77,4.56
ciclo_spring_projects_mockito_29,spring-projects/mockito,v5.3.0,v5.4.0,2022-05-15,2022-06-15,Minor,12,34,44,16,106,11.32,32.08,0.35
ciclo_spring_projects_gson_1,spring-projects/gson,v1.0.0,v0.1.0,2014-01-15,2014-02-15,Minor,47,19,85,15,166,28.31,11.45,2.47
ciclo_spring_projects_gson_2,spring-projects/gson,v0.1.0,v0.2.0,2014-02-15,2014-03-15,Minor,19,22,78,7,126,15.08,17.46,0.86
ciclo_spring_projects_gson_3,spring-projects/gson,v0.2.0,v0.3.0,2014-03-15,2014-04-15,Minor,49,11,30,7,97,50.52,11.34,4.45
ciclo_spring_projects_gson_4,spring-projects/gson,v0.3.0,v0.4.0,2014-04-15,2015-05-15,Minor,44,6,26,13,89,49.44,6.74,7.33
ciclo_spring_projects_gson_5,spring-projects/gson,v0.4.0,v2.0.0,2015-05-15,2015-06-15,Major,52,19,37,9,117,44.44,16.24,2.74
ciclo_spring_projects_gson_6,spring-projects/gson,v2.0.0,v1.1.0,2015-06-15,2015-07-15,Minor,11,33,68,20,132,8.33,25,0.33
ciclo_spring_projects_gson_7,spring-projects/gson,v1.1.0,v1.2.0,2015-07-15,2015-08-15,Minor,37,6,97,10,150,24.67,4,6.17
ciclo_spring_projects_gson_8,spring-projects/gson,v1.2.0,v1.3.0,2015-08-15,2016-09-15,Minor,35,28,20,22,105,33.33,26.67,1.25
ciclo_spring_projects_gson_9,spring-projects/gson,v1.3.0,v1.4.0,2016-09-15,2016-10-15,Minor,54,12,70,8,144,37.5,8.33,4.5
ciclo_spring_projects_gson_10,spring-projects/gson,v1.4.0,v3.0.0,2016-10-15,2016-11-15,Major,18,14,56,8,96,18.75,14.58,1.29
ciclo_spring_projects_gson_11,spring-projects/gson,v3.0.0,v2.1.0,2016-11-15,2016-12-15,Minor,56,24,85,10,175,32,13.71,2.33
ciclo_spring_projects_gson_12,spring-projects/gson,v2.1.0,v2.2.0,2016-12-15,2017-01-15,Minor,13,9,84,9,115,11.3,7.83,1.44
ciclo_spring_projects_gson_13,spring-projects/gson,v2.2.0,v2.3.0,2017-01-15,2017-02-15,Minor,58,8,29,6,101,57.43,7.92,7.25
ciclo_spring_projects_gson_14,spring-projects/gson,v2.3.0,v2.4.0,2017-02-15,2017-03-15,Minor,41,13,55,24,133,30.83,9.77,3.15
ciclo_spring_projects_gson_15,spring-projects/gson,v2.4.0,v4.0.0,2017-03-15,2017-04-15,Major,25,24,42,22,113,22.12,21.24,1.04
ciclo_spring_projects_gson_16,spring-projects/gson,v4.0.0,v3.1.0,2017-04-15,2018-05-15,Minor,19,27,61,24,131,14.5,20.61,0.7
ciclo_spring_projects_gson_17,spring-projects/gson,v3.1.0,v3.2.0,2018-05-15,2018-06-15,Minor,18,25,49,23,115,15.65,21.74,0.72
ciclo_spring_projects_gson_18,spring-projects/gson,v3.2.0,v3.3.0,2018-06-15,2018-07-15,Minor,36,27,92,22,177,20.34,15.25,1.33
ciclo_spring_projects_gson_19,spring-projects/gson,v3.3.0,v3.4.0,2018-07-15,2018-08-15,Minor,58,21,32,14,125,46.4,16.8,2.76
ciclo_spring_projects_gson_20,spring-projects/gson,v3.4.0,v5.0.0,2018-08-15,2019-09-15,Major,51,11,67,15,144,35.42,7.64,4.64
ciclo_spring_projects_gson_21,spring-projects/gson,v5.0.0,v4.1.0,2019-09-15,2019-10-15,Minor,16,6,75,17,114,14.04,5.26,2.67
ciclo_spring_projects_gson_22,spring-projects/gson,v4.1.0,v4.2.0,2019-10-15,2019-11-15,Minor,36,8,87,16,147,24.49,5.44,4.5
ciclo_spring_projects_gson_23,spring-projects/gson,v4.2.0,v4.3.0,2019-11-15,2019-12-15,Minor,18,11,35,21,85,21.18,12.94,1.64
ciclo_spring_projects_gson_24,spring-projects/gson,v4.3.0,v4.4.0,2019-12-15,2020-01-15,Minor,48,17,48,24,137,35.04,12.41,2.82
ciclo_spring_projects_gson_25,spring-projects/gson,v4.4.0,v6.0.0,2020-01-15,2020-02-15,Major,10,22,81,15,128,7.81,17.19,0.45
ciclo_spring_projects_gson_26,spring-projects/gson,v6.0.0,v5.1.0,2020-02-15,2020-03-15,Minor,16,10,90,23,139,11.51,7.19,1.6
ciclo_spring_projects_gson_27,spring-projects/gson,v5.1.0,v5.2.0,2020-03-15,2020-04-15,Minor,35,26,27,6,94,37.23,27.66,1.35
ciclo_spring_projects_gson_28,spring-projects/gson,v5.2.0,v5.3.0,2020-04-15,2021-05-15,Minor,58,16,70,20,164,35.37,9.76,3.63
ciclo_spring_projects_gson_29,spring-projects/gson,v5.3.0,v5.4.0,2021-05-15,2021-06-15,Minor,21,22,49,23,115,18.26,19.13,0.95
ciclo_square_retrofit_1,square/retrofit,v1.0.0,v0.1.0,2013-01-15,2013-02-15,Minor,40,17,65,21,143,27.97,11.89,2.35
ciclo_square_retrofit_2,square/retrofit,v0.1.0,v0.2.0,2013-02-15,2013-03-15,Minor,36,34,85,6,161,22.36,21.12,1.06
ciclo_square_retrofit_3,square/retrofit,v0.2.0,v0.3.0,2013-03-15,2013-04-15,Minor,46,25,68,12,151,30.46,16.56,1.84
ciclo_square_retrofit_4,square/retrofit,v0.3.0,v0.4.0,2013-04-15,2014-05-15,Minor,24,22,66,19,131,18.32,16.79,1.09
ciclo_square_retrofit_5,square/retrofit,v0.4.0,v2.0.0,2014-05-15,2014-06-15,Major,14,16,52,22,104,13.46,15.38,0.88
ciclo_square_retrofit_6,square/retrofit,v2.0.0,v1.1.0,2014-06-15,2014-07-15,Minor,50,6,32,6,94,53.19,6.38,8.33
ciclo_square_retrofit_7,square/retrofit,v1.1.0,v1.2.0,2014-07-15,2014-08-15,Minor,26,15,23,22,86,30.23,17.44,1.73
ciclo_square_retrofit_8,square/retrofit,v1.2.0,v1.3.0,2014-08-15,2015-09-15,Minor,32,22,44,11,109,29.36,20.18,1.45
ciclo_square_retrofit_9,square/retrofit,v1.3.0,v1.4.0,2015-09-15,2015-10-15,Minor,46,25,92,20,183,25.14,13.66,1.84
ciclo_square_retrofit_10,square/retrofit,v1.4.0,v3.0.0,2015-10-15,2015-11-15,Major,40,27,51,6,124,32.26,21.77,1.48
ciclo_square_retrofit_11,square/retrofit,v3.0.0,v2.1.0,2015-11-15,2015-12-15,Minor,53,5,27,13,98,54.08,5.1,10.6
ciclo_square_retrofit_12,square/retrofit,v2.1.0,v2.2.0,2015-12-15,2016-01-15,Minor,49,18,52,24,143,34.27,12.59,2.72
ciclo_square_retrofit_13,square/retrofit,v2.2.0,v2.3.0,2016-01-15,2016-02-15,Minor,50,9,49,10,118,42.37,7.63,5.56
ciclo_square_retrofit_14,square/retrofit,v2.3.0,v2.4.0,2016-02-15,2016-03-15,Minor,43,5,70,13,131,32.82,3.82,8.6
ciclo_square_retrofit_15,square/retrofit,v2.4.0,v4.0.0,2016-03-15,2016-04-15,Major,41,19,32,11,103,39.81,18.45,2.16
ciclo_square_retrofit_16,square/retrofit,v4.0.0,v3.1.0,2016-04-15,2017-05-15,Minor,12,19,91,16,138,8.7,13.77,0.63
ciclo_square_retrofit_17,square/retrofit,v3.1.0,v3.2.0,2017-05-15,2017-06-15,Minor,11,31,35,10,87,12.64,35.63,0.35
ciclo_square_retrofit_18,square/retrofit,v3.2.0,v3.3.0,2017-06-15,2017-07-15,Minor,55,12,84,11,162,33.95,7.41,4.58
ciclo_square_retrofit_19,square/retrofit,v3.3.0,v3.4.0,2017-07-15,2017-08-15,Minor,58,28,55,15,156,37.18,17.95,2.07
ciclo_square_retrofit_20,square/retrofit,v3.4.0,v5.0.0,2017-08-15,2018-09-15,Major,46,26,29,22,123,37.4,21.14,1.77
ciclo_square_retrofit_21,square/retrofit,v5.0.0,v4.1.0,2018-09-15,2018-10-15,Minor,46,29,40,14,129,35.66,22.48,1.59
ciclo_square_retrofit_22,square/retrofit,v4.1.0,v4.2.0,2018-10-15,2018-11-15,Minor,34,21,93,8,156,21.79,13.46,1.62
ciclo_square_retrofit_23,square/retrofit,v4.2.0,v4.3.0,2018-11-15,2018-12-15,Minor,36,26,46,10,118,30.51,22.03,1.38
ciclo_square_retrofit_24,square/retrofit,v4.3.0,v4.4.0,2018-12-15,2019-01-15,Minor,53,16,45,11,125,42.4,12.8,3.31
ciclo_square_retrofit_25,square/retrofit,v4.4.0,v6.0.0,2019-01-15,2019-02-15,Major,29,27,90,18,164,17.68,16.46,1.07
ciclo_square_retrofit_26,square/retrofit,v6.0.0,v5.1.0,2019-02-15,2019-03-15,Minor,40,10,82,11,143,27.97,6.99,4
ciclo_square_retrofit_27,square/retrofit,v5.1.0,v5.2.0,2019-03-15,2019-04-15,Minor,57,24,77,17,175,32.57,13.71,2.38
ciclo_square_retrofit_28,square/retrofit,v5.2.0,v5.3.0,2019-04-15,2020-05-15,Minor,48,34,43,14,139,34.53,24.46,1.41
ciclo_square_retrofit_29,square/retrofit,v5.3.0,v5.4.0,2020-05-15,2020-06-15,Minor,13,33,25,22,93,13.98,35.48,0.39
ciclo_google_okhttp_1,google/okhttp,v1.0.0,v0.1.0,2010-01-15,2010-02-15,Minor,21,15,57,8,101,20.79,14.85,1.4
ciclo_google_okhttp_2,google/okhttp,v0.1.0,v0.2.0,2010-02-15,2010-03-15,Minor,17,7,52,10,86,19.77,8.14,2.43
ciclo_google_okhttp_3,google/okhttp,v0.2.0,v0.3.0,2010-03-15,2010-04-15,Minor,13,18,49,20,100,13,18,0.72
ciclo_google_okhttp_4,google/okhttp,v0.3.0,v0.4.0,2010-04-15,2011-05-15,Minor,25,30,46,5,106,23.58,28.3,0.83
ciclo_google_okhttp_5,google/okhttp,v0.4.0,v2.0.0,2011-05-15,2011-06-15,Major,31,18,96,12,157,19.75,11.46,1.72
ciclo_google_okhttp_6,google/okhttp,v2.0.0,v1.1.0,2011-06-15,2011-07-15,Minor,47,17,87,23,174,27.01,9.77,2.76
ciclo_google_okhttp_7,google/okhttp,v1.1.0,v1.2.0,2011-07-15,2011-08-15,Minor,47,25,86,14,172,27.33,14.53,1.88
ciclo_google_okhttp_8,google/okhttp,v1.2.0,v1.3.0,2011-08-15,2012-09-15,Minor,52,34,53,17,156,33.33,21.79,1.53
ciclo_google_okhttp_9,google/okhttp,v1.3.0,v1.4.0,2012-09-15,2012-10-15,Minor,38,5,56,13,112,33.93,4.46,7.6
ciclo_google_okhttp_10,google/okhttp,v1.4.0,v3.0.0,2012-10-15,2012-11-15,Major,42,9,73,15,139,30.22,6.47,4.67
ciclo_google_okhttp_11,google/okhttp,v3.0.0,v2.1.0,2012-11-15,2012-12-15,Minor,11,11,29,14,65,16.92,16.92,1
ciclo_google_okhttp_12,google/okhttp,v2.1.0,v2.2.0,2012-12-15,2013-01-15,Minor,28,31,26,10,95,29.47,32.63,0.9
ciclo_google_okhttp_13,google/okhttp,v2.2.0,v2.3.0,2013-01-15,2013-02-15,Minor,27,22,69,10,128,21.09,17.19,1.23
ciclo_google_okhttp_14,google/okhttp,v2.3.0,v2.4.0,2013-02-15,2013-03-15,Minor,45,26,95,7,173,26.01,15.03,1.73
ciclo_google_okhttp_15,google/okhttp,v2.4.0,v4.0.0,2013-03-15,2013-04-15,Major,55,9,23,11,98,56.12,9.18,6.11
ciclo_google_okhttp_16,google/okhttp,v4.0.0,v3.1.0,2013-04-15,2014-05-15,Minor,25,8,20,15,68,36.76,11.76,3.13
ciclo_google_okhttp_17,google/okhttp,v3.1.0,v3.2.0,2014-05-15,2014-06-15,Minor,11,20,22,13,66,16.67,30.3,0.55
ciclo_google_okhttp_18,google/okhttp,v3.2.0,v3.3.0,2014-06-15,2014-07-15,Minor,24,19,32,8,83,28.92,22.89,1.26
ciclo_google_okhttp_19,google/okhttp,v3.3.0,v3.4.0,2014-07-15,2014-08-15,Minor,44,9,50,6,109,40.37,8.26,4.89
ciclo_google_okhttp_20,google/okhttp,v3.4.0,v5.0.0,2014-08-15,2015-09-15,Major,43,15,70,8,136,31.62,11.03,2.87
ciclo_google_okhttp_21,google/okhttp,v5.0.0,v4.1.0,2015-09-15,2015-10-15,Minor,41,32,65,24,162,25.31,19.75,1.28
ciclo_google_okhttp_22,google/okhttp,v4.1.0,v4.2.0,2015-10-15,2015-11-15,Minor,40,30,58,19,147,27.21,20.41,1.33
ciclo_google_okhttp_23,google/okhttp,v4.2.0,v4.3.0,2015-11-15,2015-12-15,Minor,34,26,23,6,89,38.2,29.21,1.31
ciclo_google_okhttp_24,google/okhttp,v4.3.0,v4.4.0,2015-12-15,2016-01-15,Minor,54,24,41,6,125,43.2,19.2,2.25
ciclo_google_okhttp_25,google/okhttp,v4.4.0,v6.0.0,2016-01-15,2016-02-15,Major,49,8,23,20,100,49,8,6.13
ciclo_google_okhttp_26,google/okhttp,v6.0.0,v5.1.0,2016-02-15,2016-03-15,Minor,26,18,20,9,73,35.62,24.66,1.44
ciclo_google_okhttp_27,google/okhttp,v5.1.0,v5.2.0,2016-03-15,2016-04-15,Minor,50,17,62,23,152,32.89,11.18,2.94
ciclo_google_okhttp_28,google/okhttp,v5.2.0,v5.3.0,2016-04-15,2017-05-15,Minor,36,7,54,9,106,33.96,6.6,5.14
ciclo_google_okhttp_29,google/okhttp,v5.3.0,v5.4.0,2017-05-15,2017-06-15,Minor,49,24,58,5,136,36.03,17.65,2.04
ciclo_mockito_guava_1,mockito/guava,v1.0.0,v0.1.0,2017-01-15,2017-02-15,Minor,31,22,94,15,162,19.14,13.58,1.41
ciclo_mockito_guava_2,mockito/guava,v0.1.0,v0.2.0,2017-02-15,2017-03-15,Minor,23,17,96,13,149,15.44,11.41,1.35
ciclo_mockito_guava_3,mockito/guava,v0.2.0,v0.3.0,2017-03-15,2017-04-15,Minor,35,19,65,13,132,26.52,14.39,1.84
ciclo_mockito_guava_4,mockito/guava,v0.3.0,v0.4.0,2017-04-15,2018-05-15,Minor,22,26,59,6,113,19.47,23.01,0.85
ciclo_mockito_guava_5,mockito/guava,v0.4.0,v2.0.0,2018-05-15,2018-06-15,Major,39,32,27,8,106,36.79,30.19,1.22
ciclo_mockito_guava_6,mockito/guava,v2.0.0,v1.1.0,2018-06-15,2018-07-15,Minor,50,9,34,8,101,49.5,8.91,5.56
ciclo_mockito_guava_7,mockito/guava,v1.1.0,v1.2.0,2018-07-15,2018-08-15,Minor,16,20,76,15,127,12.6,15.75,0.8
ciclo_mockito_guava_8,mockito/guava,v1.2.0,v1.3.0,2018-08-15,2019-09-15,Minor,44,17,57,5,123,35.77,13.82,2.59
ciclo_mockito_guava_9,mockito/guava,v1.3.0,v1.4.0,2019-09-15,2019-10-15,Minor,43,24,88,7,162,26.54,14.81,1.79
ciclo_mockito_guava_10,mockito/guava,v1.4.0,v3.0.0,2019-10-15,2019-11-15,Major,28,31,73,12,144,19.44,21.53,0.9
ciclo_mockito_guava_11,mockito/guava,v3.0.0,v2.1.0,2019-11-15,2019-12-15,Minor,27,6,31,10,74,36.49,8.11,4.5
ciclo_mockito_guava_12,mockito/guava,v2.1.0,v2.2.0,2019-12-15,2020-01-15,Minor,38,12,91,17,158,24.05,7.59,3.17
ciclo_mockito_guava_13,mockito/guava,v2.2.0,v2.3.0,2020-01-15,2020-02-15,Minor,16,32,91,19,158,10.13,20.25,0.5
ciclo_mockito_guava_14,mockito/guava,v2.3.0,v2.4.0,2020-02-15,2020-03-15,Minor,32,14,76,9,131,24.43,10.69,2.29
ciclo_mockito_guava_15,mockito/guava,v2.4.0,v4.0.0,2020-03-15,2020-04-15,Major,36,21,67,15,139,25.9,15.11,1.71
ciclo_mockito_guava_16,mockito/guava,v4.0.0,v3.1.0,2020-04-15,2021-05-15,Minor,33,21,95,12,161,20.5,13.04,1.57
ciclo_mockito_guava_17,mockito/guava,v3.1.0,v3.2.0,2021-05-15,2021-06-15,Minor,45,7,86,21,159,28.3,4.4,6.43
ciclo_mockito_guava_18,mockito/guava,v3.2.0,v3.3.0,2021-06-15,2021-07-15,Minor,23,20,85,7,135,17.04,14.81,1.15
ciclo_mockito_guava_19,mockito/guava,v3.3.0,v3.4.0,2021-07-15,2021-08-15,Minor,43,31,82,14,170,25.29,18.24,1.39
ciclo_mockito_guava_20,mockito/guava,v3.4.0,v5.0.0,2021-08-15,2022-09-15,Major,48,28,36,12,124,38.71,22.58,1.71
ciclo_mockito_guava_21,mockito/guava,v5.0.0,v4.1.0,2022-09-15,2022-10-15,Minor,56,34,33,8,131,42.75,25.95,1.65
ciclo_mockito_guava_22,mockito/guava,v4.1.0,v4.2.0,2022-10-15,2022-11-15,Minor,36,5,44,24,109,33.03,4.59,7.2
ciclo_mockito_guava_23,mockito/guava,v4.2.0,v4.3.0,2022-11-15,2022-12-15,Minor,33,15,54,19,121,27.27,12.4,2.2
ciclo_mockito_guava_24,mockito/guava,v4.3.0,v4.4.0,2022-12-15,2023-01-15,Minor,11,26,29,12,78,14.1,33.33,0.42
ciclo_mockito_guava_25,mockito/guava,v4.4.0,v6.0.0,2023-01-15,2023-02-15,Major,22,17,27,10,76,28.95,22.37,1.29
ciclo_mockito_guava_26,mockito/guava,v6.0.0,v5.1.0,2023-02-15,2023-03-15,Minor,48,29,42,16,135,35.56,21.48,1.66
ciclo_mockito_guava_27,mockito/guava,v5.1.0,v5.2.0,2023-03-15,2023-04-15,Minor,30,32,87,21,170,17.65,18.82,0.94
ciclo_mockito_guava_28,mockito/guava,v5.2.0,v5.3.0,2023-04-15,2024-05-15,Minor,20,22,82,13,137,14.6,16.06,0.91
ciclo_mockito_guava_29,mockito/guava,v5.3.0,v5.4.0,2024-05-15,2024-06-15,Minor,14,31,50,6,101,13.86,30.69,0.45
ciclo_google_jackson_databind_1,google/jackson-databind,v1.0.0,v0.1.0,2010-01-15,2010-02-15,Minor,57,12,31,22,122,46.72,9.84,4.75
ciclo_google_jackson_databind_2,google/jackson-databind,v0.1.0,v0.2.0,2010-02-15,2010-03-15,Minor,48,22,28,11,109,44.04,20.18,2.18
ciclo_google_jackson_databind_3,google/jackson-databind,v0.2.0,v0.3.0,2010-03-15,2010-04-15,Minor,51,18,89,24,182,28.02,9.89,2.83
ciclo_google_jackson_databind_4,google/jackson-databind,v0.3.0,v0.4.0,2010-04-15,2011-05-15,Minor,41,13,35,20,109,37.61,11.93,3.15
ciclo_google_jackson_databind_5,google/jackson-databind,v0.4.0,v2.0.0,2011-05-15,2011-06-15,Major,38,17,50,21,126,30.16,13.49,2.24
ciclo_google_jackson_databind_6,google/jackson-databind,v2.0.0,v1.1.0,2011-06-15,2011-07-15,Minor,14,29,93,8,144,9.72,20.14,0.48
ciclo_google_jackson_databind_7,google/jackson-databind,v1.1.0,v1.2.0,2011-07-15,2011-08-15,Minor,15,29,42,24,110,13.64,26.36,0.52
ciclo_google_jackson_databind_8,google/jackson-databind,v1.2.0,v1.3.0,2011-08-15,2012-09-15,Minor,59,30,68,20,177,33.33,16.95,1.97
ciclo_google_jackson_databind_9,google/jackson-databind,v1.3.0,v1.4.0,2012-09-15,2012-10-15,Minor,49,32,47,8,136,36.03,23.53,1.53
ciclo_google_jackson_databind_10,google/jackson-databind,v1.4.0,v3.0.0,2012-10-15,2012-11-15,Major,57,30,52,15,154,37.01,19.48,1.9
ciclo_google_jackson_databind_11,google/jackson-databind,v3.0.0,v2.1.0,2012-11-15,2012-12-15,Minor,17,10,71,20,118,14.41,8.47,1.7
ciclo_google_jackson_databind_12,google/jackson-databind,v2.1.0,v2.2.0,2012-12-15,2013-01-15,Minor,47,12,68,20,147,31.97,8.16,3.92
ciclo_google_jackson_databind_13,google/jackson-databind,v2.2.0,v2.3.0,2013-01-15,2013-02-15,Minor,43,25,84,13,165,26.06,15.15,1.72
ciclo_google_jackson_databind_14,google/jackson-databind,v2.3.0,v2.4.0,2013-02-15,2013-03-15,Minor,34,8,69,19,130,26.15,6.15,4.25
ciclo_mockito_netty_1,mockito/netty,v1.0.0,v0.1.0,2011-01-15,2011-02-15,Minor,19,10,40,8,77,24.68,12.99,1.9
ciclo_mockito_netty_2,mockito/netty,v0.1.0,v0.2.0,2011-02-15,2011-03-15,Minor,39,23,88,6,156,25,14.74,1.7
ciclo_mockito_netty_3,mockito/netty,v0.2.0,v0.3.0,2011-03-15,2011-04-15,Minor,31,25,23,21,100,31,25,1.24
ciclo_mockito_netty_4,mockito/netty,v0.3.0,v0.4.0,2011-04-15,2012-05-15,Minor,51,27,56,23,157,32.48,17.2,1.89
ciclo_mockito_netty_5,mockito/netty,v0.4.0,v2.0.0,2012-05-15,2012-06-15,Major,50,20,38,7,115,43.48,17.39,2.5
ciclo_mockito_netty_6,mockito/netty,v2.0.0,v1.1.0,2012-06-15,2012-07-15,Minor,49,30,20,12,111,44.14,27.03,1.63
ciclo_mockito_netty_7,mockito/netty,v1.1.0,v1.2.0,2012-07-15,2012-08-15,Minor,59,10,20,23,112,52.68,8.93,5.9
ciclo_mockito_netty_8,mockito/netty,v1.2.0,v1.3.0,2012-08-15,2013-09-15,Minor,22,25,41,11,99,22.22,25.25,0.88
ciclo_mockito_netty_9,mockito/netty,v1.3.0,v1.4.0,2013-09-15,2013-10-15,Minor,37,21,78,19,155,23.87,13.55,1.76
ciclo_mockito_netty_10,mockito/netty,v1.4.0,v3.0.0,2013-10-15,2013-11-15,Major,36,29,75,6,146,24.66,19.86,1.24
ciclo_mockito_netty_11,mockito/netty,v3.0.0,v2.1.0,2013-11-15,2013-12-15,Minor,40,7,45,21,113,35.4,6.19,5.71
ciclo_apache_kafka_streams_1,apache/kafka-streams,v1.0.0,v0.1.0,2017-01-15,2017-02-15,Minor,40,31,67,15,153,26.14,20.26,1.29
ciclo_apache_kafka_streams_2,apache/kafka-streams,v0.1.0,v0.2.0,2017-02-15,2017-03-15,Minor,14,14,72,6,106,13.21,13.21,1
ciclo_apache_kafka_streams_3,apache/kafka-streams,v0.2.0,v0.3.0,2017-03-15,2017-04-15,Minor,12,22,55,16,105,11.43,20.95,0.55
ciclo_apache_kafka_streams_4,apache/kafka-streams,v0.3.0,v0.4.0,2017-04-15,2018-05-15,Minor,17,27,58,21,123,13.82,21.95,0.63
ciclo_apache_kafka_streams_5,apache/kafka-streams,v0.4.0,v2.0.0,2018-05-15,2018-06-15,Major,19,11,98,6,134,14.18,8.21,1.73
ciclo_apache_kafka_streams_6,apache/kafka-streams,v2.0.0,v1.1.0,2018-06-15,2018-07-15,Minor,49,29,64,10,152,32.24,19.08,1.69
ciclo_apache_kafka_streams_7,apache/kafka-streams,v1.1.0,v1.2.0,2018-07-15,2018-08-15,Minor,12,18,72,22,124,9.68,14.52,0.67
ciclo_apache_kafka_streams_8,apache/kafka-streams,v1.2.0,v1.3.0,2018-08-15,2019-09-15,Minor,25,17,38,17,97,25.77,17.53,1.47
ciclo_apache_kafka_streams_9,apache/kafka-streams,v1.3.0,v1.4.0,2019-09-15,2019-10-15,Minor,50,25,96,12,183,27.32,13.66,2
ciclo_apache_kafka_streams_10,apache/kafka-streams,v1.4.0,v3.0.0,2019-10-15,2019-11-15,Major,39,33,41,11,124,31.45,26.61,1.18
ciclo_apache_kafka_streams_11,apache/kafka-streams,v3.0.0,v2.1.0,2019-11-15,2019-12-15,Minor,29,14,90,9,142,20.42,9.86,2.07
ciclo_apache_kafka_streams_12,apache/kafka-streams,v2.1.0,v2.2.0,2019-12-15,2020-01-15,Minor,14,12,42,22,90,15.56,13.33,1.17
ciclo_apache_kafka_streams_13,apache/kafka-streams,v2.2.0,v2.3.0,2020-01-15,2020-02-15,Minor,51,33,68,7,159,32.08,20.75,1.55
ciclo_apache_kafka_streams_14,apache/kafka-streams,v2.3.0,v2.4.0,2020-02-15,2020-03-15,Minor,17,23,86,16,142,11.97,16.2,0.74
ciclo_apache_kafka_streams_15,apache/kafka-streams,v2.4.0,v4.0.0,2020-03-15,2020-04-15,Major,40,21,31,13,105,38.1,20,1.9
ciclo_apache_kafka_streams_16,apache/kafka-streams,v4.0.0,v3.1.0,2020-04-15,2021-05-15,Minor,10,20,62,6,98,10.2,20.41,0.5
ciclo_apache_kafka_streams_17,apache/kafka-streams,v3.1.0,v3.2.0,2021-05-15,2021-06-15,Minor,21,8,35,7,71,29.58,11.27,2.63
ciclo_apache_kafka_streams_18,apache/kafka-streams,v3.2.0,v3.3.0,2021-06-15,2021-07-15,Minor,47,26,46,24,143,32.87,18.18,1.81
ciclo_apache_kafka_streams_19,apache/kafka-streams,v3.3.0,v3.4.0,2021-07-15,2021-08-15,Minor,24,32,99,15,170,14.12,18.82,0.75
ciclo_apache_kafka_streams_20,apache/kafka-streams,v3.4.0,v5.0.0,2021-08-15,2022-09-15,Major,24,26,50,8,108,22.22,24.07,0.92
ciclo_apache_kafka_streams_21,apache/kafka-streams,v5.0.0,v4.1.0,2022-09-15,2022-10-15,Minor,36,17,99,16,168,21.43,10.12,2.12
ciclo_apache_kafka_streams_22,apache/kafka-streams,v4.1.0,v4.2.0,2022-10-15,2022-11-15,Minor,13,21,32,16,82,15.85,25.61,0.62
ciclo_apache_kafka_streams_23,apache/kafka-streams,v4.2.0,v4.3.0,2022-11-15,2022-12-15,Minor,27,22,78,14,141,19.15,15.6,1.23
ciclo_apache_kafka_streams_24,apache/kafka-streams,v4.3.0,v4.4.0,2022-12-15,2023-01-15,Minor,30,27,90,6,153,19.61,17.65,1.11
ciclo_apache_kafka_streams_25,apache/kafka-streams,v4.4.0,v6.0.0,2023-01-15,2023-02-15,Major,46,20,52,21,139,33.09,14.39,2.3
ciclo_apache_kafka_streams_26,apache/kafka-streams,v6.0.0,v5.1.0,2023-02-15,2023-03-15,Minor,44,9,52,18,123,35.77,7.32,4.89
ciclo_apache_vertx_core_1,apache/vertx-core,v1.0.0,v0.1.0,2017-01-15,2017-02-15,Minor,51,19,69,8,147,34.69,12.93,2.68
ciclo_apache_vertx_core_2,apache/vertx-core,v0.1.0,v0.2.0,2017-02-15,2017-03-15,Minor,11,31,96,23,161,6.83,19.25,0.35
ciclo_apache_vertx_core_3,apache/vertx-core,v0.2.0,v0.3.0,2017-03-15,2017-04-15,Minor,26,24,75,9,134,19.4,17.91,1.08
ciclo_apache_vertx_core_4,apache/vertx-core,v0.3.0,v0.4.0,2017-04-15,2018-05-15,Minor,47,31,69,16,163,28.83,19.02,1.52
ciclo_apache_vertx_core_5,apache/vertx-core,v0.4.0,v2.0.0,2018-05-15,2018-06-15,Major,31,24,31,10,96,32.29,25,1.29
ciclo_apache_vertx_core_6,apache/vertx-core,v2.0.0,v1.1.0,2018-06-15,2018-07-15,Minor,53,22,35,23,133,39.85,16.54,2.41
ciclo_apache_vertx_core_7,apache/vertx-core,v1.1.0,v1.2.0,2018-07-15,2018-08-15,Minor,43,19,55,22,139,30.94,13.67,2.26
ciclo_apache_vertx_core_8,apache/vertx-core,v1.2.0,v1.3.0,2018-08-15,2019-09-15,Minor,22,33,43,10,108,20.37,30.56,0.67
ciclo_apache_vertx_core_9,apache/vertx-core,v1.3.0,v1.4.0,2019-09-15,2019-10-15,Minor,32,17,22,19,90,35.56,18.89,1.88
ciclo_apache_vertx_core_10,apache/vertx-core,v1.4.0,v3.0.0,2019-10-15,2019-11-15,Major,49,32,32,6,119,41.18,26.89,1.53
ciclo_apache_vertx_core_11,apache/vertx-core,v3.0.0,v2.1.0,2019-11-15,2019-12-15,Minor,30,5,99,23,157,19.11,3.18,6
ciclo_apache_vertx_core_12,apache/vertx-core,v2.1.0,v2.2.0,2019-12-15,2020-01-15,Minor,30,10,62,23,125,24,8,3
ciclo_apache_vertx_core_13,apache/vertx-core,v2.2.0,v2.3.0,2020-01-15,2020-02-15,Minor,39,6,20,22,87,44.83,6.9,6.5
ciclo_apache_vertx_core_14,apache/vertx-core,v2.3.0,v2.4.0,2020-02-15,2020-03-15,Minor,37,16,44,8,105,35.24,15.24,2.31
ciclo_apache_vertx_core_15,apache/vertx-core,v2.4.0,v4.0.0,2020-03-15,2020-04-15,Major,32,25,78,21,156,20.51,16.03,1.28
ciclo_apache_vertx_core_16,apache/vertx-core,v4.0.0,v3.1.0,2020-04-15,2021-05-15,Minor,46,27,23,16,112,41.07,24.11,1.7
ciclo_apache_vertx_core_17,apache/vertx-core,v3.1.0,v3.2.0,2021-05-15,2021-06-15,Minor,25,16,20,22,83,30.12,19.28,1.56
ciclo_apache_vertx_core_18,apache/vertx-core,v3.2.0,v3.3.0,2021-06-15,2021-07-15,Minor,25,23,20,22,90,27.78,25.56,1.09
ciclo_apache_vertx_core_19,apache/vertx-core,v3.3.0,v3.4.0,2021-07-15,2021-08-15,Minor,27,28,52,11,118,22.88,23.73,0.96
ciclo_apache_vertx_core_20,apache/vertx-core,v3.4.0,v5.0.0,2021-08-15,2022-09-15,Major,41,18,48,16,123,33.33,14.63,2.28
ciclo_apache_vertx_core_21,apache/vertx-core,v5.0.0,v4.1.0,2022-09-15,2022-10-15,Minor,15,34,96,17,162,9.26,20.99,0.44
ciclo_google_quarkus_1,google/quarkus,v1.0.0,v0.1.0,2011-01-15,2011-02-15,Minor,24,16,52,12,104,23.08,15.38,1.5
ciclo_google_quarkus_2,google/quarkus,v0.1.0,v0.2.0,2011-02-15,2011-03-15,Minor,20,16,95,18,149,13.42,10.74,1.25
ciclo_google_quarkus_3,google/quarkus,v0.2.0,v0.3.0,2011-03-15,2011-04-15,Minor,15,28,99,14,156,9.62,17.95,0.54
ciclo_google_quarkus_4,google/quarkus,v0.3.0,v0.4.0,2011-04-15,2012-05-15,Minor,51,29,58,5,143,35.66,20.28,1.76
ciclo_google_quarkus_5,google/quarkus,v0.4.0,v2.0.0,2012-05-15,2012-06-15,Major,19,7,29,5,60,31.67,11.67,2.71
ciclo_google_quarkus_6,google/quarkus,v2.0.0,v1.1.0,2012-06-15,2012-07-15,Minor,51,21,54,12,138,36.96,15.22,2.43
ciclo_google_quarkus_7,google/quarkus,v1.1.0,v1.2.0,2012-07-15,2012-08-15,Minor,52,14,26,7,99,52.53,14.14,3.71
ciclo_google_quarkus_8,google/quarkus,v1.2.0,v1.3.0,2012-08-15,2013-09-15,Minor,31,15,94,5,145,21.38,10.34,2.07
ciclo_google_quarkus_9,google/quarkus,v1.3.0,v1.4.0,2013-09-15,2013-10-15,Minor,18,17,29,16,80,22.5,21.25,1.06
ciclo_google_quarkus_10,google/quarkus,v1.4.0,v3.0.0,2013-10-15,2013-11-15,Major,18,20,65,20,123,14.63,16.26,0.9
ciclo_google_quarkus_11,google/quarkus,v3.0.0,v2.1.0,2013-11-15,2013-12-15,Minor,51,18,80,7,156,32.69,11.54,2.83
ciclo_google_quarkus_12,google/quarkus,v2.1.0,v2.2.0,2013-12-15,2014-01-15,Minor,36,9,30,15,90,40,10,4
ciclo_google_quarkus_13,google/quarkus,v2.2.0,v2.3.0,2014-01-15,2014-02-15,Minor,34,23,94,5,156,21.79,14.74,1.48
ciclo_google_quarkus_14,google/quarkus,v2.3.0,v2.4.0,2014-02-15,2014-03-15,Minor,51,9,50,22,132,38.64,6.82,5.67
ciclo_google_quarkus_15,google/quarkus,v2.4.0,v4.0.0,2014-03-15,2014-04-15,Major,15,26,75,8,124,12.1,20.97,0.58
ciclo_google_quarkus_16,google/quarkus,v4.0.0,v3.1.0,2014-04-15,2015-05-15,Minor,39,30,66,14,149,26.17,20.13,1.3
ciclo_google_quarkus_17,google/quarkus,v3.1.0,v3.2.0,2015-05-15,2015-06-15,Minor,39,6,21,24,90,43.33,6.67,6.5
ciclo_google_quarkus_18,google/quarkus,v3.2.0,v3.3.0,2015-06-15,2015-07-15,Minor,12,28,60,11,111,10.81,25.23,0.43
ciclo_google_quarkus_19,google/quarkus,v3.3.0,v3.4.0,2015-07-15,2015-08-15,Minor,34,14,51,24,123,27.64,11.38,2.43
ciclo_google_quarkus_20,google/quarkus,v3.4.0,v5.0.0,2015-08-15,2016-09-15,Major,11,23,69,9,112,9.82,20.54,0.48
ciclo_google_quarkus_21,google/quarkus,v5.0.0,v4.1.0,2016-09-15,2016-10-15,Minor,39,17,46,16,118,33.05,14.41,2.29
ciclo_google_quarkus_22,google/quarkus,v4.1.0,v4.2.0,2016-10-15,2016-11-15,Minor,32,26,65,18,141,22.7,18.44,1.23
ciclo_google_quarkus_23,google/quarkus,v4.2.0,v4.3.0,2016-11-15,2016-12-15,Minor,18,27,57,13,115,15.65,23.48,0.67
ciclo_google_quarkus_24,google/quarkus,v4.3.0,v4.4.0,2016-12-15,2017-01-15,Minor,18,32,91,17,158,11.39,20.25,0.56
ciclo_google_quarkus_25,google/quarkus,v4.4.0,v6.0.0,2017-01-15,2017-02-15,Major,58,34,50,24,166,34.94,20.48,1.71
ciclo_google_quarkus_26,google/quarkus,v6.0.0,v5.1.0,2017-02-15,2017-03-15,Minor,30,17,20,8,75,40,22.67,1.76
ciclo_google_quarkus_27,google/quarkus,v5.1.0,v5.2.0,2017-03-15,2017-04-15,Minor,48,12,55,16,131,36.64,9.16,4
ciclo_google_quarkus_28,google/quarkus,v5.2.0,v5.3.0,2017-04-15,2018-05-15,Minor,38,13,20,10,81,46.91,16.05,2.92
ciclo_google_quarkus_29,google/quarkus,v5.3.0,v5.4.0,2018-05-15,2018-06-15,Minor,52,19,72,22,165,31.52,11.52,2.74
ciclo_apache_micronaut_1,apache/micronaut,v1.0.0,v0.1.0,2012-01-15,2012-02-15,Minor,36,17,27,17,97,37.11,17.53,2.12
ciclo_apache_micronaut_2,apache/micronaut,v0.1.0,v0.2.0,2012-02-15,2012-03-15,Minor,41,15,65,14,135,30.37,11.11,2.73
ciclo_apache_micronaut_3,apache/micronaut,v0.2.0,v0.3.0,2012-03-15,2012-04-15,Minor,31,29,97,20,177,17.51,16.38,1.07
ciclo_apache_micronaut_4,apache/micronaut,v0.3.0,v0.4.0,2012-04-15,2013-05-15,Minor,38,17,56,6,117,32.48,14.53,2.24
ciclo_apache_micronaut_5,apache/micronaut,v0.4.0,v2.0.0,2013-05-15,2013-06-15,Major,33,14,84,23,154,21.43,9.09,2.36
ciclo_apache_micronaut_6,apache/micronaut,v2.0.0,v1.1.0,2013-06-15,2013-07-15,Minor,47,25,26,10,108,43.52,23.15,1.88
ciclo_apache_micronaut_7,apache/micronaut,v1.1.0,v1.2.0,2013-07-15,2013-08-15,Minor,39,17,71,11,138,28.26,12.32,2.29
ciclo_apache_micronaut_8,apache/micronaut,v1.2.0,v1.3.0,2013-08-15,2014-09-15,Minor,26,22,26,20,94,27.66,23.4,1.18
ciclo_apache_micronaut_9,apache/micronaut,v1.3.0,v1.4.0,2014-09-15,2014-10-15,Minor,20,29,45,11,105,19.05,27.62,0.69
ciclo_apache_micronaut_10,apache/micronaut,v1.4.0,v3.0.0,2014-10-15,2014-11-15,Major,13,30,31,23,97,13.4,30.93,0.43
ciclo_apache_micronaut_11,apache/micronaut,v3.0.0,v2.1.0,2014-11-15,2014-12-15,Minor,20,32,24,22,98,20.41,32.65,0.63
ciclo_apache_micronaut_12,apache/micronaut,v2.1.0,v2.2.0,2014-12-15,2015-01-15,Minor,20,12,24,16,72,27.78,16.67,1.67
ciclo_apache_micronaut_13,apache/micronaut,v2.2.0,v2.3.0,2015-01-15,2015-02-15,Minor,29,33,36,22,120,24.17,27.5,0.88
ciclo_apache_micronaut_14,apache/micronaut,v2.3.0,v2.4.0,2015-02-15,2015-03-15,Minor,16,26,74,11,127,12.6,20.47,0.62
ciclo_apache_micronaut_15,apache/micronaut,v2.4.0,v4.0.0,2015-03-15,2015-04-15,Major,42,9,61,5,117,35.9,7.69,4.67
ciclo_apache_micronaut_16,apache/micronaut,v4.0.0,v3.1.0,2015-04-15,2016-05-15,Minor,22,24,96,22,164,13.41,14.63,0.92
ciclo_apache_micronaut_17,apache/micronaut,v3.1.0,v3.2.0,2016-05-15,2016-06-15,Minor,42,16,47,11,116,36.21,13.79,2.63
ciclo_apache_micronaut_18,apache/micronaut,v3.2.0,v3.3.0,2016-06-15,2016-07-15,Minor,36,34,24,6,100,36,34,1.06
ciclo_apache_micronaut_19,apache/micronaut,v3.3.0,v3.4.0,2016-07-15,2016-08-15,Minor,36,10,36,22,104,34.62,9.62,3.6
ciclo_apache_micronaut_20,apache/micronaut,v3.4.0,v5.0.0,2016-08-15,2017-09-15,Major,38,5,66,17,126,30.16,3.97,7.6
ciclo_apache_micronaut_21,apache/micronaut,v5.0.0,v4.1.0,2017-09-15,2017-10-15,Minor,55,9,30,23,117,47.01,7.69,6.11
ciclo_apache_micronaut_22,apache/micronaut,v4.1.0,v4.2.0,2017-10-15,2017-11-15,Minor,19,10,98,13,140,13.57,7.14,1.9
ciclo_apache_micronaut_23,apache/micronaut,v4.2.0,v4.3.0,2017-11-15,2017-12-15,Minor,12,24,55,6,97,12.37,24.74,0.5
ciclo_apache_micronaut_24,apache/micronaut,v4.3.0,v4.4.0,2017-12-15,2018-01-15,Minor,11,24,20,16,71,15.49,33.8,0.46
ciclo_apache_micronaut_25,apache/micronaut,v4.4.0,v6.0.0,2018-01-15,2018-02-15,Major,54,15,56,14,139,38.85,10.79,3.6
ciclo_apache_micronaut_26,apache/micronaut,v6.0.0,v5.1.0,2018-02-15,2018-03-15,Minor,28,30,31,22,111,25.23,27.03,0.93
ciclo_apache_micronaut_27,apache/micronaut,v5.1.0,v5.2.0,2018-03-15,2018-04-15,Minor,59,9,22,24,114,51.75,7.89,6.56
ciclo_apache_micronaut_28,apache/micronaut,v5.2.0,v5.3.0,2018-04-15,2019-05-15,Minor,41,20,20,19,100,41,20,2.05
ciclo_apache_micronaut_29,apache/micronaut,v5.3.0,v5.4.0,2019-05-15,2019-06-15,Minor,24,9,45,19,97,24.74,9.28,2.67
ciclo_google_jetty_1,google/jetty,v1.0.0,v0.1.0,2013-01-15,2013-02-15,Minor,57,29,68,17,171,33.33,16.96,1.97
ciclo_google_jetty_2,google/jetty,v0.1.0,v0.2.0,2013-02-15,2013-03-15,Minor,28,31,28,14,101,27.72,30.69,0.9
ciclo_google_jetty_3,google/jetty,v0.2.0,v0.3.0,2013-03-15,2013-04-15,Minor,35,30,82,13,160,21.88,18.75,1.17
ciclo_google_jetty_4,google/jetty,v0.3.0,v0.4.0,2013-04-15,2014-05-15,Minor,56,21,89,13,179,31.28,11.73,2.67
ciclo_google_jetty_5,google/jetty,v0.4.0,v2.0.0,2014-05-15,2014-06-15,Major,27,11,94,13,145,18.62,7.59,2.45
ciclo_google_jetty_6,google/jetty,v2.0.0,v1.1.0,2014-06-15,2014-07-15,Minor,41,32,39,21,133,30.83,24.06,1.28
ciclo_google_jetty_7,google/jetty,v1.1.0,v1.2.0,2014-07-15,2014-08-15,Minor,29,28,36,14,107,27.1,26.17,1.04
ciclo_google_jetty_8,google/jetty,v1.2.0,v1.3.0,2014-08-15,2015-09-15,Minor,12,7,25,10,54,22.22,12.96,1.71
ciclo_google_jetty_9,google/jetty,v1.3.0,v1.4.0,2015-09-15,2015-10-15,Minor,11,8,38,12,69,15.94,11.59,1.38
ciclo_google_jetty_10,google/jetty,v1.4.0,v3.0.0,2015-10-15,2015-11-15,Major,19,24,21,15,79,24.05,30.38,0.79
ciclo_google_jetty_11,google/jetty,v3.0.0,v2.1.0,2015-11-15,2015-12-15,Minor,52,34,36,11,133,39.1,25.56,1.53
ciclo_google_jetty_12,google/jetty,v2.1.0,v2.2.0,2015-12-15,2016-01-15,Minor,26,9,70,13,118,22.03,7.63,2.89
ciclo_google_jetty_13,google/jetty,v2.2.0,v2.3.0,2016-01-15,2016-02-15,Minor,55,18,61,5,139,39.57,12.95,3.06
ciclo_google_jetty_14,google/jetty,v2.3.0,v2.4.0,2016-02-15,2016-03-15,Minor,14,19,55,23,111,12.61,17.12,0.74
ciclo_google_jetty_15,google/jetty,v2.4.0,v4.0.0,2016-03-15,2016-04-15,Major,31,11,44,13,99,31.31,11.11,2.82
ciclo_google_jetty_16,google/jetty,v4.0.0,v3.1.0,2016-04-15,2017-05-15,Minor,37,17,62,18,134,27.61,12.69,2.18
ciclo_google_jetty_17,google/jetty,v3.1.0,v3.2.0,2017-05-15,2017-06-15,Minor,22,19,83,20,144,15.28,13.19,1.16
ciclo_google_jetty_18,google/jetty,v3.2.0,v3.3.0,2017-06-15,2017-07-15,Minor,28,26,77,5,136,20.59,19.12,1.08
ciclo_google_jetty_19,google/jetty,v3.3.0,v3.4.0,2017-07-15,2017-08-15,Minor,59,24,29,11,123,47.97,19.51,2.46
ciclo_google_jetty_20,google/jetty,v3.4.0,v5.0.0,2017-08-15,2018-09-15,Major,50,21,63,17,151,33.11,13.91,2.38
ciclo_google_jetty_21,google/jetty,v5.0.0,v4.1.0,2018-09-15,2018-10-15,Minor,11,17,41,16,85,12.94,20,0.65
ciclo_google_jetty_22,google/jetty,v4.1.0,v4.2.0,2018-10-15,2018-11-15,Minor,12,30,97,12,151,7.95,19.87,0.4
ciclo_google_jetty_23,google/jetty,v4.2.0,v4.3.0,2018-11-15,2018-12-15,Minor,51,8,35,13,107,47.66,7.48,6.38
ciclo_google_jetty_24,google/jetty,v4.3.0,v4.4.0,2018-12-15,2019-01-15,Minor,23,8,45,18,94,24.47,8.51,2.88
ciclo_google_jetty_25,google/jetty,v4.4.0,v6.0.0,2019-01-15,2019-02-15,Major,53,17,34,8,112,47.32,15.18,3.12
ciclo_google_jetty_26,google/jetty,v6.0.0,v5.1.0,2019-02-15,2019-03-15,Minor,23,32,33,14,102,22.55,31.37,0.72
ciclo_google_jetty_27,google/jetty,v5.1.0,v5.2.0,2019-03-15,2019-04-15,Minor,42,13,45,15,115,36.52,11.3,3.23
ciclo_google_jetty_28,google/jetty,v5.2.0,v5.3.0,2019-04-15,2020-05-15,Minor,24,25,57,18,124,19.35,20.16,0.96
ciclo_google_jetty_29,google/jetty,v5.3.0,v5.4.0,2020-05-15,2020-06-15,Minor,39,28,62,17,146,26.71,19.18,1.39